loc,lat,lng,Arrest Count,restaurant,school,bus_station,atm,supermarket,park,gym,hospital
"36.62,-91.69",36.62,-91.69,41.0,0,0,0,0,0,0,0,0
"41.64,-87.54",41.64,-87.54,1.0,12,1,2,5,0,13,1,0
"41.64,-87.57",41.64,-87.57,0.0,12,4,0,8,0,11,2,1
"41.64,-87.59",41.64,-87.59,0.0,7,3,0,7,0,4,1,1
"41.64,-87.6",41.64,-87.6,2.0,9,17,0,10,1,3,3,0
"41.64,-87.61",41.64,-87.61,11.0,13,19,0,12,1,3,2,0
"41.64,-87.62",41.64,-87.62,0.0,17,20,0,15,2,8,1,0
"41.65,-87.53",41.65,-87.53,168.0,15,2,1,4,3,10,0,0
"41.65,-87.54",41.65,-87.54,694.0,15,2,2,4,2,11,1,0
"41.65,-87.55",41.65,-87.55,823.0,16,3,1,6,2,14,2,0
"41.65,-87.56",41.65,-87.56,45.0,13,2,1,7,2,7,2,0
"41.65,-87.57",41.65,-87.57,5.0,3,1,0,3,1,6,0,0
"41.65,-87.58",41.65,-87.58,4.0,1,3,0,4,0,5,1,0
"41.65,-87.59",41.65,-87.59,101.0,3,8,0,4,0,4,2,0
"41.65,-87.6",41.65,-87.6,1104.0,7,13,0,6,0,5,2,0
"41.65,-87.61",41.65,-87.61,955.0,8,14,0,8,0,5,2,0
"41.65,-87.62",41.65,-87.62,508.0,5,15,0,6,0,6,1,0
"41.66,-87.54",41.66,-87.54,140.0,14,2,1,4,2,5,1,0
"41.66,-87.55",41.66,-87.55,491.0,14,2,0,4,2,9,1,0
"41.66,-87.56",41.66,-87.56,158.0,9,3,0,5,2,8,1,0
"41.66,-87.57",41.66,-87.57,10.0,2,2,0,1,0,8,0,0
"41.66,-87.58",41.66,-87.58,22.0,1,2,0,1,0,5,0,0
"41.66,-87.59",41.66,-87.59,503.0,1,8,0,1,0,3,2,0
"41.66,-87.6",41.66,-87.6,2546.0,1,9,0,1,0,3,2,0
"41.66,-87.61",41.66,-87.61,1665.0,0,10,0,2,0,6,2,0
"41.66,-87.62",41.66,-87.62,610.0,0,10,0,2,0,7,1,0
"41.66,-87.63",41.66,-87.63,366.0,4,12,0,2,0,6,2,0
"41.66,-87.64",41.66,-87.64,914.0,17,12,0,5,0,4,3,0
"41.66,-87.65",41.66,-87.65,62.0,20,14,0,12,2,7,2,0
"41.67,-87.54",41.67,-87.54,59.0,2,1,0,3,1,3,2,0
"41.67,-87.55",41.67,-87.55,22.0,1,1,0,1,0,8,1,0
"41.67,-87.56",41.67,-87.56,52.0,0,1,0,0,0,7,0,0
"41.67,-87.57",41.67,-87.57,5.0,0,2,0,0,0,7,0,0
"41.67,-87.58",41.67,-87.58,10.0,0,1,0,0,0,6,0,0
"41.67,-87.59",41.67,-87.59,1.0,1,2,0,0,0,2,1,0
"41.67,-87.6",41.67,-87.6,11.0,0,1,0,1,0,4,1,0
"41.67,-87.61",41.67,-87.61,1.0,2,6,0,1,0,6,1,0
"41.67,-87.62",41.67,-87.62,1590.0,3,11,0,2,0,6,2,0
"41.67,-87.63",41.67,-87.63,1454.0,8,17,0,5,1,5,3,0
"41.67,-87.64",41.67,-87.64,2963.0,20,18,0,7,2,8,4,0
"41.67,-87.65",41.67,-87.65,404.0,20,20,0,18,2,11,4,0
"41.67,-87.66",41.67,-87.66,169.0,20,16,0,16,3,12,2,0
"41.68,-87.53",41.68,-87.53,25.0,2,3,0,4,1,6,3,0
"41.68,-87.54",41.68,-87.54,238.0,2,3,0,4,1,5,3,0
"41.68,-87.55",41.68,-87.55,11.0,2,2,0,3,1,6,1,0
"41.68,-87.56",41.68,-87.56,26.0,0,0,1,0,0,8,0,0
"41.68,-87.58",41.68,-87.58,10.0,0,0,0,0,0,6,0,0
"41.68,-87.6",41.68,-87.6,110.0,8,12,1,4,1,14,1,0
"41.68,-87.61",41.68,-87.61,166.0,19,20,1,7,2,18,5,1
"41.68,-87.62",41.68,-87.62,6665.0,20,20,1,8,1,12,8,2
"41.68,-87.63",41.68,-87.63,7021.0,20,20,1,13,3,9,4,3
"41.68,-87.64",41.68,-87.64,4516.0,20,20,0,11,2,8,3,1
"41.68,-87.65",41.68,-87.65,1416.0,20,20,0,14,3,8,3,2
"41.68,-87.66",41.68,-87.66,1866.0,20,20,0,14,3,17,3,2
"41.68,-87.67",41.68,-87.67,788.0,20,20,1,20,4,19,4,6
"41.68,-87.68",41.68,-87.68,370.0,20,20,1,20,3,15,5,5
"41.68,-87.69",41.68,-87.69,25.0,20,19,3,20,3,12,7,8
"41.68,-87.7",41.68,-87.7,13.0,20,13,3,8,1,10,8,6
"41.68,-87.71",41.68,-87.71,91.0,20,15,5,19,2,11,6,7
"41.68,-87.72",41.68,-87.72,96.0,20,17,4,17,2,12,5,6
"41.68,-87.73",41.68,-87.73,8.0,20,19,2,20,3,10,5,4
"41.68,-87.74",41.68,-87.74,1.0,20,13,0,9,1,10,5,0
"41.69,-87.52",41.69,-87.52,8.0,20,7,0,10,4,8,3,1
"41.69,-87.53",41.69,-87.53,238.0,20,5,0,13,5,9,4,0
"41.69,-87.54",41.69,-87.54,1058.0,13,5,0,10,2,7,4,0
"41.69,-87.55",41.69,-87.55,3.0,7,5,1,4,1,4,3,0
"41.69,-87.56",41.69,-87.56,21.0,4,2,2,1,0,6,0,1
"41.69,-87.58",41.69,-87.58,7.0,1,1,0,0,0,5,0,0
"41.69,-87.6",41.69,-87.6,1231.0,11,17,1,6,2,16,4,0
"41.69,-87.61",41.69,-87.61,2281.0,20,20,1,13,3,18,7,2
"41.69,-87.62",41.69,-87.62,8420.0,20,20,1,13,2,17,6,2
"41.69,-87.63",41.69,-87.63,4750.0,20,20,1,17,3,1,7,4
"41.69,-87.64",41.69,-87.64,4393.0,20,20,0,18,3,9,4,5
"41.69,-87.65",41.69,-87.65,2143.0,20,20,0,14,4,17,3,5
"41.69,-87.66",41.69,-87.66,2715.0,20,20,0,13,2,20,3,3
"41.69,-87.67",41.69,-87.67,1737.0,20,20,1,17,3,20,5,5
"41.69,-87.68",41.69,-87.68,699.0,20,17,2,19,3,20,10,5
"41.69,-87.69",41.69,-87.69,176.0,20,19,3,19,2,15,13,9
"41.69,-87.7",41.69,-87.7,653.0,20,13,5,11,0,7,10,9
"41.69,-87.71",41.69,-87.71,349.0,20,12,5,15,0,5,10,9
"41.69,-87.72",41.69,-87.72,201.0,20,18,5,15,0,8,6,7
"41.69,-87.73",41.69,-87.73,2.0,20,20,3,19,1,11,3,6
"41.69,-87.74",41.69,-87.74,2.0,20,17,0,17,1,6,2,6
"41.7,-87.52",41.7,-87.52,34.0,20,7,0,11,4,7,4,0
"41.7,-87.53",41.7,-87.53,925.0,20,9,0,11,4,9,4,0
"41.7,-87.54",41.7,-87.54,1610.0,20,9,0,10,3,8,4,0
"41.7,-87.55",41.7,-87.55,47.0,20,6,2,12,1,4,4,1
"41.7,-87.56",41.7,-87.56,1787.0,15,5,2,4,0,7,2,1
"41.7,-87.57",41.7,-87.57,299.0,10,5,6,4,0,6,2,1
"41.7,-87.58",41.7,-87.58,7.0,3,4,5,0,0,3,2,1
"41.7,-87.59",41.7,-87.59,6.0,9,8,5,5,2,4,1,0
"41.7,-87.6",41.7,-87.6,1460.0,16,16,1,8,2,16,2,0
"41.7,-87.61",41.7,-87.61,1825.0,20,20,0,18,3,17,6,3
"41.7,-87.62",41.7,-87.62,5934.0,20,20,0,17,2,16,6,3
"41.7,-87.63",41.7,-87.63,4849.0,20,20,0,19,3,7,8,5
"41.7,-87.64",41.7,-87.64,1653.0,20,20,0,15,2,10,3,5
"41.7,-87.65",41.7,-87.65,1520.0,20,20,0,10,2,12,3,3
"41.7,-87.66",41.7,-87.66,809.0,16,20,0,9,3,20,4,3
"41.7,-87.67",41.7,-87.67,310.0,20,20,1,20,2,20,9,6
"41.7,-87.68",41.7,-87.68,488.0,20,20,1,20,1,18,7,4
"41.7,-87.69",41.7,-87.69,104.0,20,20,1,20,1,12,12,6
"41.7,-87.7",41.7,-87.7,285.0,20,16,1,20,1,10,15,3
"41.7,-87.71",41.7,-87.71,193.0,20,20,3,20,0,6,12,7
"41.7,-87.72",41.7,-87.72,111.0,19,20,3,11,0,5,7,5
"41.71,-87.53",41.71,-87.53,399.0,20,8,0,10,4,8,5,0
"41.71,-87.54",41.71,-87.54,1381.0,20,10,0,12,4,10,5,0
"41.71,-87.55",41.71,-87.55,376.0,20,17,1,15,1,10,4,1
"41.71,-87.56",41.71,-87.56,1213.0,17,14,1,9,2,13,2,3
"41.71,-87.57",41.71,-87.57,1490.0,20,14,6,9,2,13,2,4
"41.71,-87.58",41.71,-87.58,221.0,15,9,5,8,0,8,2,1
"41.71,-87.59",41.71,-87.59,263.0,12,9,5,7,0,6,2,1
"41.71,-87.6",41.71,-87.6,1525.0,20,19,7,9,1,5,4,1
"41.71,-87.61",41.71,-87.61,1484.0,20,20,2,12,1,7,3,2
"41.71,-87.62",41.71,-87.62,5290.0,20,20,10,14,2,11,3,1
"41.71,-87.63",41.71,-87.63,4609.0,20,20,10,19,3,10,4,2
"41.71,-87.64",41.71,-87.64,2934.0,20,20,0,13,2,10,5,4
"41.71,-87.65",41.71,-87.65,3007.0,20,20,1,9,3,14,8,3
"41.71,-87.66",41.71,-87.66,1046.0,20,20,2,16,2,14,6,1
"41.71,-87.67",41.71,-87.67,408.0,20,20,3,20,1,13,12,3
"41.71,-87.68",41.71,-87.68,635.0,20,20,1,20,4,12,13,4
"41.71,-87.69",41.71,-87.69,172.0,20,20,2,20,3,10,9,9
"41.71,-87.7",41.71,-87.7,324.0,20,20,2,20,1,12,7,6
"41.71,-87.71",41.71,-87.71,125.0,20,20,3,20,2,9,4,5
"41.71,-87.72",41.71,-87.72,154.0,20,20,1,20,3,9,5,16
"41.72,-87.53",41.72,-87.53,479.0,16,5,0,2,1,5,4,0
"41.72,-87.54",41.72,-87.54,1415.0,20,17,0,14,4,8,4,1
"41.72,-87.55",41.72,-87.55,863.0,20,20,2,18,6,14,3,5
"41.72,-87.56",41.72,-87.56,724.0,20,20,2,20,5,17,3,20
"41.72,-87.57",41.72,-87.57,1554.0,20,20,6,17,2,14,1,20
"41.72,-87.58",41.72,-87.58,1520.0,20,19,5,13,3,13,0,20
"41.72,-87.59",41.72,-87.59,462.0,20,19,7,16,1,6,4,3
"41.72,-87.6",41.72,-87.6,1046.0,20,20,3,13,0,7,5,3
"41.72,-87.61",41.72,-87.61,845.0,20,20,12,14,1,9,5,3
"41.72,-87.62",41.72,-87.62,4601.0,20,20,12,16,2,10,4,3
"41.72,-87.63",41.72,-87.63,4268.0,20,20,10,12,2,12,2,1
"41.72,-87.64",41.72,-87.64,2307.0,20,20,10,9,3,11,5,1
"41.72,-87.65",41.72,-87.65,1342.0,20,20,2,15,2,10,6,1
"41.72,-87.66",41.72,-87.66,3303.0,20,20,2,16,1,10,8,2
"41.72,-87.67",41.72,-87.67,334.0,20,20,3,20,5,9,12,4
"41.72,-87.68",41.72,-87.68,410.0,20,20,3,20,4,13,11,8
"41.72,-87.74",41.72,-87.74,0.0,20,20,1,20,3,16,6,20
"41.73,-87.54",41.73,-87.54,661.0,20,20,1,14,3,12,6,1
"41.73,-87.55",41.73,-87.55,6218.0,20,20,2,18,3,18,3,20
"41.73,-87.56",41.73,-87.56,2528.0,20,20,2,20,5,17,4,20
"41.73,-87.57",41.73,-87.57,1284.0,20,20,2,20,6,13,4,20
"41.73,-87.58",41.73,-87.58,809.0,20,20,0,20,4,7,2,20
"41.73,-87.59",41.73,-87.59,2261.0,20,20,2,20,2,9,8,4
"41.73,-87.6",41.73,-87.6,3481.0,20,20,2,20,3,11,7,5
"41.73,-87.61",41.73,-87.61,1681.0,20,20,14,20,1,12,6,5
"41.73,-87.62",41.73,-87.62,724.0,20,20,14,20,4,12,2,2
"41.73,-87.63",41.73,-87.63,1220.0,20,20,12,20,4,8,3,1
"41.73,-87.64",41.73,-87.64,2140.0,20,20,9,20,5,9,5,1
"41.73,-87.65",41.73,-87.65,1713.0,20,20,3,18,3,14,4,2
"41.73,-87.66",41.73,-87.66,3834.0,20,20,4,19,3,15,7,2
"41.73,-87.67",41.73,-87.67,736.0,20,20,6,20,4,15,9,2
"41.73,-87.68",41.73,-87.68,129.0,20,20,3,20,5,13,6,7
"41.73,-87.71",41.73,-87.71,1.0,20,20,2,20,3,16,3,2
"41.73,-87.72",41.73,-87.72,32.0,20,20,1,20,5,14,1,20
"41.73,-87.73",41.73,-87.73,21.0,20,20,2,20,5,15,6,20
"41.73,-87.74",41.73,-87.74,23.0,20,20,2,20,3,15,8,20
"41.74,-87.53",41.74,-87.53,0.0,1,6,1,0,0,7,0,0
"41.74,-87.54",41.74,-87.54,969.0,20,20,1,6,4,13,4,1
"41.74,-87.55",41.74,-87.55,6112.0,20,20,2,15,5,16,4,1
"41.74,-87.56",41.74,-87.56,5062.0,20,20,3,20,6,17,5,6
"41.74,-87.57",41.74,-87.57,2180.0,20,20,0,20,5,9,5,20
"41.74,-87.58",41.74,-87.58,1640.0,20,20,0,20,4,8,5,5
"41.74,-87.59",41.74,-87.59,1485.0,20,20,0,20,4,13,7,5
"41.74,-87.6",41.74,-87.6,5364.0,20,20,2,20,4,11,6,7
"41.74,-87.61",41.74,-87.61,2128.0,20,20,4,20,3,12,5,7
"41.74,-87.62",41.74,-87.62,1618.0,20,20,8,20,5,8,4,5
"41.74,-87.63",41.74,-87.63,7003.0,20,20,11,20,5,11,2,2
"41.74,-87.64",41.74,-87.64,3164.0,20,20,8,20,4,13,2,2
"41.74,-87.65",41.74,-87.65,5824.0,20,20,3,20,6,17,4,3
"41.74,-87.66",41.74,-87.66,4954.0,20,20,2,20,4,19,3,2
"41.74,-87.67",41.74,-87.67,1740.0,20,20,7,19,4,14,1,5
"41.74,-87.68",41.74,-87.68,247.0,20,20,7,19,2,14,2,5
"41.74,-87.69",41.74,-87.69,318.0,20,20,7,10,1,12,2,3
"41.74,-87.7",41.74,-87.7,1045.0,20,20,0,11,1,10,2,2
"41.74,-87.71",41.74,-87.71,472.0,20,20,0,18,2,14,2,1
"41.74,-87.72",41.74,-87.72,892.0,20,20,0,16,2,10,4,1
"41.74,-87.73",41.74,-87.73,538.0,20,16,3,20,5,12,5,20
"41.74,-87.74",41.74,-87.74,384.0,20,17,3,20,6,13,5,20
"41.75,-87.54",41.75,-87.54,45.0,15,12,1,1,2,9,2,0
"41.75,-87.55",41.75,-87.55,6624.0,20,20,2,8,3,13,6,4
"41.75,-87.56",41.75,-87.56,9691.0,20,20,2,16,5,11,6,4
"41.75,-87.57",41.75,-87.57,4043.0,20,20,1,20,7,6,3,7
"41.75,-87.58",41.75,-87.58,4567.0,20,20,1,20,8,13,6,9
"41.75,-87.59",41.75,-87.59,2788.0,20,20,1,20,7,15,8,8
"41.75,-87.6",41.75,-87.6,12076.0,20,20,4,20,5,16,7,9
"41.75,-87.61",41.75,-87.61,8827.0,20,20,9,20,5,13,6,7
"41.75,-87.62",41.75,-87.62,2278.0,20,20,14,20,9,7,3,6
"41.75,-87.63",41.75,-87.63,6383.0,20,20,14,20,7,14,3,4
"41.75,-87.64",41.75,-87.64,7770.0,20,20,10,20,5,20,5,1
"41.75,-87.65",41.75,-87.65,6572.0,20,20,5,20,6,18,4,2
"41.75,-87.66",41.75,-87.66,9882.0,20,20,4,20,7,16,3,3
"41.75,-87.67",41.75,-87.67,5817.0,20,20,7,20,6,10,2,5
"41.75,-87.68",41.75,-87.68,1335.0,20,20,6,15,4,7,0,5
"41.75,-87.69",41.75,-87.69,632.0,20,20,5,8,1,5,1,4
"41.75,-87.7",41.75,-87.7,1008.0,20,20,4,7,0,2,1,3
"41.75,-87.71",41.75,-87.71,1228.0,20,20,0,9,1,3,1,0
"41.75,-87.72",41.75,-87.72,1685.0,20,20,0,11,2,5,2,1
"41.75,-87.73",41.75,-87.73,572.0,20,20,1,20,5,5,4,20
"41.75,-87.74",41.75,-87.74,5616.0,20,19,2,20,6,7,5,20
"41.76,-87.54",41.76,-87.54,17.0,8,8,1,3,0,6,3,0
"41.76,-87.55",41.76,-87.55,813.0,20,20,1,9,2,10,3,3
"41.76,-87.56",41.76,-87.56,9898.0,20,20,1,20,6,15,4,8
"41.76,-87.57",41.76,-87.57,3613.0,20,20,4,20,9,18,6,11
"41.76,-87.58",41.76,-87.58,4820.0,20,20,2,20,8,20,4,13
"41.76,-87.59",41.76,-87.59,6225.0,20,20,2,20,7,20,6,8
"41.76,-87.6",41.76,-87.6,2890.0,20,20,4,20,7,20,5,9
"41.76,-87.61",41.76,-87.61,4954.0,20,20,6,20,6,13,3,5
"41.76,-87.62",41.76,-87.62,4326.0,20,20,15,20,7,8,3,4
"41.76,-87.63",41.76,-87.63,5153.0,20,20,16,20,5,16,3,1
"41.76,-87.64",41.76,-87.64,7696.0,20,20,15,20,7,19,4,2
"41.76,-87.65",41.76,-87.65,6333.0,20,20,4,20,6,20,4,3
"41.76,-87.66",41.76,-87.66,5066.0,20,20,2,20,5,10,2,3
"41.76,-87.67",41.76,-87.67,3121.0,20,20,7,20,6,7,0,2
"41.76,-87.68",41.76,-87.68,3136.0,20,20,7,20,4,4,0,7
"41.76,-87.69",41.76,-87.69,2182.0,20,20,6,13,0,5,1,4
"41.76,-87.7",41.76,-87.7,1126.0,20,20,1,10,0,7,2,3
"41.76,-87.71",41.76,-87.71,704.0,20,20,0,10,1,8,4,1
"41.76,-87.72",41.76,-87.72,1038.0,20,16,0,12,3,9,3,1
"41.76,-87.73",41.76,-87.73,40.0,20,12,2,20,8,5,2,2
"41.76,-87.74",41.76,-87.74,39.0,20,13,2,20,8,5,1,20
"41.77,-87.56",41.77,-87.56,154.0,20,20,2,20,3,15,3,5
"41.77,-87.57",41.77,-87.57,6780.0,20,20,4,20,3,20,6,6
"41.77,-87.58",41.77,-87.58,8230.0,20,20,4,20,5,20,11,8
"41.77,-87.59",41.77,-87.59,6542.0,20,20,3,20,6,20,9,5
"41.77,-87.6",41.77,-87.6,2088.0,20,20,3,20,6,20,11,2
"41.77,-87.61",41.77,-87.61,8862.0,20,20,7,19,8,20,5,2
"41.77,-87.62",41.77,-87.62,6865.0,20,20,9,20,7,12,1,5
"41.77,-87.63",41.77,-87.63,5087.0,20,20,10,20,7,17,3,3
"41.77,-87.64",41.77,-87.64,8953.0,20,20,7,20,7,20,3,4
"41.77,-87.65",41.77,-87.65,6745.0,20,20,4,20,6,14,2,1
"41.77,-87.66",41.77,-87.66,8941.0,20,20,4,20,6,10,1,2
"41.77,-87.67",41.77,-87.67,8354.0,20,20,7,20,3,9,0,2
"41.77,-87.68",41.77,-87.68,6103.0,20,20,5,20,4,9,0,5
"41.77,-87.69",41.77,-87.69,5287.0,20,20,4,20,3,9,2,5
"41.77,-87.7",41.77,-87.7,1854.0,20,20,2,20,4,8,4,4
"41.77,-87.71",41.77,-87.71,696.0,20,20,1,20,5,7,5,5
"41.77,-87.72",41.77,-87.72,1148.0,20,20,1,20,7,11,8,3
"41.77,-87.73",41.77,-87.73,557.0,20,20,3,20,10,5,5,3
"41.77,-87.74",41.77,-87.74,235.0,20,10,3,20,8,7,3,4
"41.77,-87.75",41.77,-87.75,5.0,20,7,3,16,8,6,2,1
"41.77,-87.76",41.77,-87.76,47.0,20,8,1,11,4,5,2,1
"41.77,-87.77",41.77,-87.77,17.0,20,5,2,10,2,3,2,1
"41.77,-87.78",41.77,-87.78,85.0,20,8,1,8,2,3,2,1
"41.77,-87.79",41.77,-87.79,70.0,20,10,2,10,2,2,2,0
"41.77,-87.8",41.77,-87.8,12.0,20,19,2,18,3,2,2,0
"41.78,-87.57",41.78,-87.57,164.0,17,11,2,14,1,20,8,5
"41.78,-87.58",41.78,-87.58,334.0,20,20,3,17,0,20,10,3
"41.78,-87.59",41.78,-87.59,3097.0,20,20,2,20,2,20,14,13
"41.78,-87.6",41.78,-87.6,3640.0,20,20,1,19,4,20,15,20
"41.78,-87.61",41.78,-87.61,15483.0,20,20,0,13,4,20,9,20
"41.78,-87.62",41.78,-87.62,12785.0,20,20,7,20,5,20,8,10
"41.78,-87.63",41.78,-87.63,2395.0,20,20,8,20,5,20,2,4
"41.78,-87.64",41.78,-87.64,5521.0,20,20,2,20,5,20,1,3
"41.78,-87.65",41.78,-87.65,6948.0,20,20,5,20,7,18,0,5
"41.78,-87.66",41.78,-87.66,8705.0,20,20,4,20,7,15,0,2
"41.78,-87.67",41.78,-87.67,8227.0,20,20,5,20,8,13,1,3
"41.78,-87.68",41.78,-87.68,7196.0,20,20,4,20,5,13,2,6
"41.78,-87.69",41.78,-87.69,9303.0,20,20,3,20,7,6,7,5
"41.78,-87.7",41.78,-87.7,7627.0,20,20,3,20,7,5,7,5
"41.78,-87.71",41.78,-87.71,2718.0,20,20,1,20,8,6,10,3
"41.78,-87.72",41.78,-87.72,2146.0,20,20,2,20,7,6,8,6
"41.78,-87.73",41.78,-87.73,1143.0,20,20,5,20,6,7,6,6
"41.78,-87.74",41.78,-87.74,825.0,20,20,7,19,7,8,5,2
"41.78,-87.75",41.78,-87.75,243.0,20,11,9,10,4,7,3,0
"41.78,-87.76",41.78,-87.76,1053.0,20,11,6,12,1,5,3,1
"41.78,-87.77",41.78,-87.77,1036.0,20,9,4,17,2,6,4,3
"41.78,-87.78",41.78,-87.78,637.0,20,12,2,17,3,7,8,3
"41.78,-87.79",41.78,-87.79,447.0,20,20,2,20,3,4,6,0
"41.78,-87.8",41.78,-87.8,131.0,20,20,4,20,5,3,2,0
"41.79,-87.58",41.79,-87.58,314.0,20,20,2,20,3,20,19,3
"41.79,-87.59",41.79,-87.59,562.0,20,20,2,20,4,20,20,20
"41.79,-87.6",41.79,-87.6,1032.0,20,20,2,20,4,20,20,20
"41.79,-87.61",41.79,-87.61,1573.0,20,20,7,20,4,20,11,20
"41.79,-87.62",41.79,-87.62,9266.0,20,20,10,20,4,20,9,20
"41.79,-87.63",41.79,-87.63,5981.0,20,20,5,20,4,20,5,6
"41.79,-87.64",41.79,-87.64,4583.0,20,20,5,20,5,20,1,4
"41.79,-87.65",41.79,-87.65,10725.0,20,20,2,20,6,20,3,1
"41.79,-87.66",41.79,-87.66,11041.0,20,20,3,20,6,19,2,2
"41.79,-87.67",41.79,-87.67,6614.0,20,20,2,18,4,16,5,2
"41.79,-87.68",41.79,-87.68,2187.0,20,20,1,17,6,14,3,4
"41.79,-87.69",41.79,-87.69,5827.0,20,20,1,20,8,6,6,3
"41.79,-87.7",41.79,-87.7,4053.0,20,20,1,20,8,3,8,2
"41.79,-87.71",41.79,-87.71,2087.0,20,20,2,20,10,1,10,4
"41.79,-87.72",41.79,-87.72,1939.0,20,20,9,20,8,6,11,6
"41.79,-87.73",41.79,-87.73,897.0,20,20,12,20,6,6,10,6
"41.79,-87.74",41.79,-87.74,2222.0,20,20,10,20,4,6,7,6
"41.79,-87.75",41.79,-87.75,154.0,20,13,11,19,1,8,3,0
"41.79,-87.76",41.79,-87.76,226.0,20,15,7,19,3,3,5,5
"41.79,-87.77",41.79,-87.77,776.0,20,17,6,20,3,5,8,5
"41.79,-87.78",41.79,-87.78,1164.0,20,16,3,20,2,5,7,4
"41.79,-87.79",41.79,-87.79,475.0,20,20,1,20,4,8,8,2
"41.79,-87.8",41.79,-87.8,457.0,20,20,2,20,3,9,5,0
"41.8,-87.58",41.8,-87.58,416.0,20,20,3,20,4,20,13,4
"41.8,-87.59",41.8,-87.59,3839.0,20,20,4,20,4,20,17,9
"41.8,-87.6",41.8,-87.6,1788.0,20,20,8,20,5,20,20,20
"41.8,-87.61",41.8,-87.61,2191.0,20,20,10,20,5,20,12,20
"41.8,-87.62",41.8,-87.62,7543.0,20,20,14,20,3,20,10,10
"41.8,-87.63",41.8,-87.63,4476.0,20,20,14,20,2,20,9,6
"41.8,-87.64",41.8,-87.64,1501.0,20,20,6,20,3,20,5,2
"41.8,-87.65",41.8,-87.65,6222.0,20,20,1,20,4,19,2,2
"41.8,-87.66",41.8,-87.66,9463.0,20,20,2,20,8,20,4,3
"41.8,-87.67",41.8,-87.67,8274.0,20,20,5,20,7,17,7,3
"41.8,-87.68",41.8,-87.68,2406.0,20,20,5,20,4,11,4,2
"41.8,-87.69",41.8,-87.69,2447.0,20,20,11,20,6,6,4,2
"41.8,-87.7",41.8,-87.7,3145.0,20,20,10,20,7,4,6,2
"41.8,-87.71",41.8,-87.71,1007.0,20,20,12,20,9,4,9,5
"41.8,-87.72",41.8,-87.72,2868.0,20,20,12,20,11,7,10,6
"41.8,-87.73",41.8,-87.73,1053.0,20,20,8,20,6,9,9,5
"41.8,-87.74",41.8,-87.74,2589.0,20,20,14,20,4,5,9,1
"41.8,-87.75",41.8,-87.75,610.0,20,17,7,19,3,6,5,0
"41.8,-87.76",41.8,-87.76,816.0,20,14,5,20,3,3,4,3
"41.8,-87.77",41.8,-87.77,281.0,20,16,3,20,2,3,5,4
"41.8,-87.78",41.8,-87.78,201.0,20,13,0,15,1,5,6,4
"41.8,-87.79",41.8,-87.79,151.0,20,17,1,19,2,10,6,2
"41.8,-87.8",41.8,-87.8,80.0,20,18,2,18,1,11,3,0
"41.81,-87.58",41.81,-87.58,25.0,20,20,2,17,2,18,14,2
"41.81,-87.59",41.81,-87.59,1110.0,20,20,3,20,7,20,17,5
"41.81,-87.6",41.81,-87.6,3568.0,20,20,7,20,6,20,15,9
"41.81,-87.61",41.81,-87.61,5556.0,20,20,11,20,4,20,13,9
"41.81,-87.62",41.81,-87.62,7835.0,20,20,13,20,3,20,8,8
"41.81,-87.63",41.81,-87.63,4949.0,20,20,12,20,3,20,8,6
"41.81,-87.64",41.81,-87.64,2349.0,20,20,3,19,2,14,6,3
"41.81,-87.65",41.81,-87.65,1426.0,20,20,4,20,6,13,6,3
"41.81,-87.66",41.81,-87.66,3663.0,20,20,1,20,6,11,7,3
"41.81,-87.67",41.81,-87.67,7133.0,20,20,7,20,6,11,4,2
"41.81,-87.68",41.81,-87.68,3010.0,20,20,7,20,8,11,4,3
"41.81,-87.69",41.81,-87.69,3721.0,20,20,13,20,9,4,2,1
"41.81,-87.7",41.81,-87.7,3612.0,20,20,13,20,9,3,0,2
"41.81,-87.71",41.81,-87.71,1232.0,20,20,8,20,9,4,5,2
"41.81,-87.72",41.81,-87.72,1541.0,20,20,12,20,10,5,8,3
"41.81,-87.73",41.81,-87.73,1044.0,20,20,7,20,7,5,8,3
"41.81,-87.74",41.81,-87.74,3549.0,20,20,1,20,6,5,7,2
"41.81,-87.75",41.81,-87.75,1916.0,20,14,1,12,1,4,4,0
"41.82,-87.59",41.82,-87.59,7.0,20,20,3,7,2,20,7,5
"41.82,-87.6",41.82,-87.6,1493.0,20,20,3,12,4,20,7,5
"41.82,-87.61",41.82,-87.61,3776.0,20,20,5,20,4,20,10,6
"41.82,-87.62",41.82,-87.62,8085.0,20,20,9,20,2,20,8,5
"41.82,-87.63",41.82,-87.63,4888.0,20,20,8,20,1,20,8,4
"41.82,-87.64",41.82,-87.64,1426.0,20,20,6,20,3,18,7,2
"41.82,-87.65",41.82,-87.65,436.0,20,20,0,20,4,10,8,4
"41.82,-87.66",41.82,-87.66,103.0,20,20,1,20,6,10,7,4
"41.82,-87.67",41.82,-87.67,1314.0,20,20,11,20,7,9,7,3
"41.82,-87.68",41.82,-87.68,750.0,20,20,11,20,7,8,10,0
"41.82,-87.69",41.82,-87.69,3526.0,20,20,12,20,6,5,9,1
"41.82,-87.7",41.82,-87.7,3627.0,20,20,4,20,6,5,7,3
"41.82,-87.71",41.82,-87.71,466.0,20,20,3,20,8,5,1,3
"41.82,-87.72",41.82,-87.72,132.0,20,8,2,20,4,4,2,3
"41.82,-87.73",41.82,-87.73,43.0,20,6,2,16,3,3,2,1
"41.82,-87.74",41.82,-87.74,157.0,20,9,2,10,3,2,2,1
"41.82,-87.75",41.82,-87.75,22.0,19,7,1,6,2,5,3,0
"41.83,-87.6",41.83,-87.6,95.0,20,20,0,7,1,20,5,4
"41.83,-87.61",41.83,-87.61,7796.0,20,20,1,18,1,20,7,6
"41.83,-87.62",41.83,-87.62,7266.0,20,20,4,20,1,20,12,6
"41.83,-87.63",41.83,-87.63,7532.0,20,20,3,20,4,20,12,8
"41.83,-87.64",41.83,-87.64,1755.0,20,20,2,20,4,19,16,7
"41.83,-87.65",41.83,-87.65,1714.0,20,20,2,20,3,19,16,7
"41.83,-87.66",41.83,-87.66,314.0,20,20,4,20,7,18,11,3
"41.83,-87.67",41.83,-87.67,2366.0,20,20,12,20,4,15,9,1
"41.83,-87.68",41.83,-87.68,2173.0,20,20,12,20,4,14,11,1
"41.83,-87.69",41.83,-87.69,1130.0,20,20,10,20,7,12,9,0
"41.83,-87.7",41.83,-87.7,573.0,20,16,9,20,4,12,7,1
"41.83,-87.71",41.83,-87.71,76.0,20,15,2,15,6,8,5,2
"41.83,-87.72",41.83,-87.72,244.0,20,17,3,16,6,4,3,3
"41.83,-87.73",41.83,-87.73,129.0,20,14,3,20,7,4,2,2
"41.83,-87.74",41.83,-87.74,12.0,20,19,2,18,6,3,2,0
"41.84,-87.61",41.84,-87.61,297.0,20,20,1,14,0,20,11,18
"41.84,-87.62",41.84,-87.62,2347.0,20,20,6,20,6,20,20,20
"41.84,-87.63",41.84,-87.63,8546.0,20,20,10,20,14,20,20,20
"41.84,-87.64",41.84,-87.64,1110.0,20,20,8,20,13,20,20,12
"41.84,-87.65",41.84,-87.65,3034.0,20,20,7,20,8,20,16,7
"41.84,-87.66",41.84,-87.66,1005.0,20,20,7,20,8,20,10,5
"41.84,-87.67",41.84,-87.67,1573.0,20,20,12,20,9,20,7,2
"41.84,-87.68",41.84,-87.68,132.0,20,20,14,20,10,18,9,3
"41.84,-87.69",41.84,-87.69,503.0,20,20,12,20,11,13,7,3
"41.84,-87.7",41.84,-87.7,1846.0,20,20,5,20,9,17,8,7
"41.84,-87.71",41.84,-87.71,4303.0,20,20,4,20,12,20,6,6
"41.84,-87.72",41.84,-87.72,3868.0,20,20,5,20,10,17,9,6
"41.84,-87.73",41.84,-87.73,3694.0,20,20,6,20,13,9,9,5
"41.84,-87.74",41.84,-87.74,112.0,20,20,5,20,15,7,6,2
"41.85,-87.61",41.85,-87.61,111.0,20,20,4,11,2,20,18,19
"41.85,-87.62",41.85,-87.62,1809.0,20,20,10,20,12,20,20,20
"41.85,-87.63",41.85,-87.63,11489.0,20,20,13,20,16,20,20,20
"41.85,-87.64",41.85,-87.64,860.0,20,20,11,20,17,20,20,20
"41.85,-87.65",41.85,-87.65,664.0,20,20,8,20,17,20,20,9
"41.85,-87.66",41.85,-87.66,1332.0,20,20,9,20,9,20,20,4
"41.85,-87.67",41.85,-87.67,2331.0,20,20,9,20,9,19,17,5
"41.85,-87.68",41.85,-87.68,3674.0,20,20,8,20,9,17,10,8
"41.85,-87.69",41.85,-87.69,4819.0,20,20,10,20,8,19,5,20
"41.85,-87.7",41.85,-87.7,6305.0,20,20,10,20,12,20,8,20
"41.85,-87.71",41.85,-87.71,9527.0,20,20,11,20,11,20,10,12
"41.85,-87.72",41.85,-87.72,5450.0,20,20,10,20,13,20,7,7
"41.85,-87.73",41.85,-87.73,4869.0,20,20,11,20,14,20,11,6
"41.85,-87.74",41.85,-87.74,144.0,20,20,12,20,12,10,4,4
"41.86,-87.61",41.86,-87.61,389.0,20,20,4,20,3,20,20,8
"41.86,-87.62",41.86,-87.62,1204.0,20,20,18,20,13,20,20,20
"41.86,-87.63",41.86,-87.63,1671.0,20,20,20,20,18,20,20,17
"41.86,-87.64",41.86,-87.64,2810.0,20,20,14,20,18,20,20,14
"41.86,-87.65",41.86,-87.65,2424.0,20,20,8,20,9,20,20,9
"41.86,-87.66",41.86,-87.66,6433.0,20,20,4,20,5,20,20,20
"41.86,-87.67",41.86,-87.67,4104.0,20,20,7,20,7,20,20,20
"41.86,-87.68",41.86,-87.68,1355.0,20,20,9,20,10,19,15,20
"41.86,-87.69",41.86,-87.69,3409.0,20,20,8,20,7,20,7,20
"41.86,-87.7",41.86,-87.7,2733.0,20,20,8,20,10,20,7,20
"41.86,-87.71",41.86,-87.71,13411.0,20,20,10,20,6,20,10,20
"41.86,-87.72",41.86,-87.72,12556.0,20,20,8,20,5,20,6,6
"41.86,-87.73",41.86,-87.73,8070.0,20,20,8,20,6,20,5,5
"41.86,-87.74",41.86,-87.74,664.0,20,20,11,20,8,17,2,3
"41.87,-87.61",41.87,-87.61,132.0,20,20,20,20,2,20,20,3
"41.87,-87.62",41.87,-87.62,1621.0,20,20,20,20,7,20,20,20
"41.87,-87.63",41.87,-87.63,9218.0,20,20,20,20,8,20,20,20
"41.87,-87.64",41.87,-87.64,4628.0,20,20,20,20,9,20,20,20
"41.87,-87.65",41.87,-87.65,675.0,20,20,20,20,6,20,20,12
"41.87,-87.66",41.87,-87.66,5782.0,20,20,11,20,4,20,20,20
"41.87,-87.67",41.87,-87.67,2979.0,20,20,3,20,3,20,20,20
"41.87,-87.68",41.87,-87.68,1656.0,20,20,3,20,2,20,11,20
"41.87,-87.69",41.87,-87.69,3937.0,20,20,2,20,4,20,7,20
"41.87,-87.7",41.87,-87.7,14355.0,20,20,3,20,3,20,7,20
"41.87,-87.71",41.87,-87.71,12280.0,20,20,5,20,6,20,9,15
"41.87,-87.72",41.87,-87.72,18083.0,20,20,6,20,8,20,8,7
"41.87,-87.73",41.87,-87.73,7565.0,20,20,6,20,5,20,4,6
"41.87,-87.74",41.87,-87.74,7917.0,20,20,4,20,4,19,2,0
"41.87,-87.75",41.87,-87.75,4742.0,20,20,6,20,5,13,1,3
"41.87,-87.76",41.87,-87.76,3993.0,20,20,8,20,6,16,1,3
"41.87,-87.77",41.87,-87.77,1101.0,20,20,6,20,5,14,4,4
"41.88,-87.61",41.88,-87.61,32.0,20,20,20,20,4,20,20,17
"41.88,-87.62",41.88,-87.62,2473.0,20,20,20,20,11,20,20,20
"41.88,-87.63",41.88,-87.63,27108.0,20,20,20,20,12,20,20,20
"41.88,-87.64",41.88,-87.64,4212.0,20,20,20,20,8,20,20,20
"41.88,-87.65",41.88,-87.65,3321.0,20,20,20,20,5,20,20,17
"41.88,-87.66",41.88,-87.66,1729.0,20,20,18,20,3,20,20,20
"41.88,-87.67",41.88,-87.67,2854.0,20,20,5,20,3,20,20,20
"41.88,-87.68",41.88,-87.68,8173.0,20,20,4,20,2,20,20,20
"41.88,-87.69",41.88,-87.69,12128.0,20,20,2,20,3,20,20,20
"41.88,-87.7",41.88,-87.7,14440.0,20,20,3,20,4,20,11,5
"41.88,-87.71",41.88,-87.71,11650.0,20,20,4,20,5,20,11,8
"41.88,-87.72",41.88,-87.72,12807.0,20,20,4,20,6,20,10,7
"41.88,-87.73",41.88,-87.73,23011.0,20,20,5,20,4,20,7,3
"41.88,-87.74",41.88,-87.74,16647.0,20,20,6,20,5,20,2,2
"41.88,-87.75",41.88,-87.75,24002.0,20,20,6,20,3,20,2,3
"41.88,-87.76",41.88,-87.76,22776.0,20,20,10,20,4,20,4,3
"41.88,-87.77",41.88,-87.77,7381.0,20,20,8,20,5,20,12,6
"41.89,-87.6",41.89,-87.6,26.0,20,14,6,19,1,20,6,14
"41.89,-87.61",41.89,-87.61,657.0,20,20,20,20,7,20,20,20
"41.89,-87.62",41.89,-87.62,6914.0,20,20,20,20,10,20,20,20
"41.89,-87.63",41.89,-87.63,15485.0,20,20,20,20,12,20,20,20
"41.89,-87.64",41.89,-87.64,1996.0,20,20,20,20,10,20,20,20
"41.89,-87.65",41.89,-87.65,1323.0,20,20,20,20,4,20,20,8
"41.89,-87.66",41.89,-87.66,1419.0,20,20,9,20,4,20,20,14
"41.89,-87.67",41.89,-87.67,1995.0,20,20,4,20,5,20,20,15
"41.89,-87.68",41.89,-87.68,1517.0,20,20,4,20,4,20,20,20
"41.89,-87.69",41.89,-87.69,818.0,20,20,3,20,5,20,20,20
"41.89,-87.7",41.89,-87.7,1763.0,20,20,2,20,6,20,20,7
"41.89,-87.71",41.89,-87.71,13090.0,20,20,2,20,3,20,14,10
"41.89,-87.72",41.89,-87.72,12208.0,20,20,3,20,6,20,11,5
"41.89,-87.73",41.89,-87.73,4791.0,20,20,2,20,5,20,8,4
"41.89,-87.74",41.89,-87.74,3177.0,20,20,2,20,4,20,4,1
"41.89,-87.75",41.89,-87.75,17038.0,20,20,2,20,4,20,3,2
"41.89,-87.76",41.89,-87.76,15711.0,20,20,4,20,6,20,5,5
"41.89,-87.77",41.89,-87.77,8606.0,20,20,6,20,5,20,14,4
"41.89,-87.78",41.89,-87.78,80.0,20,20,5,20,1,20,20,4
"41.9,-87.62",41.9,-87.62,8214.0,20,20,20,20,12,20,20,20
"41.9,-87.63",41.9,-87.63,13976.0,20,20,20,20,13,20,20,20
"41.9,-87.64",41.9,-87.64,15266.0,20,20,20,20,11,20,20,20
"41.9,-87.65",41.9,-87.65,4282.0,20,20,20,20,7,20,20,20
"41.9,-87.66",41.9,-87.66,1678.0,20,20,4,20,7,20,20,20
"41.9,-87.67",41.9,-87.67,4337.0,20,20,5,20,5,20,20,20
"41.9,-87.68",41.9,-87.68,2668.0,20,20,4,20,8,20,20,20
"41.9,-87.69",41.9,-87.69,5392.0,20,20,5,20,7,20,20,20
"41.9,-87.7",41.9,-87.7,4352.0,20,20,5,20,9,20,20,20
"41.9,-87.71",41.9,-87.71,8627.0,20,20,4,20,10,20,17,12
"41.9,-87.72",41.9,-87.72,23656.0,20,20,5,20,10,20,12,5
"41.9,-87.73",41.9,-87.73,11894.0,20,20,6,20,7,20,6,3
"41.9,-87.74",41.9,-87.74,1352.0,20,20,5,20,6,20,8,1
"41.9,-87.75",41.9,-87.75,15579.0,20,20,3,20,6,18,6,1
"41.9,-87.76",41.9,-87.76,7345.0,20,20,2,20,4,20,8,1
"41.9,-87.77",41.9,-87.77,7167.0,20,20,4,20,3,20,12,3
"41.9,-87.78",41.9,-87.78,290.0,20,20,5,20,2,16,14,3
"41.91,-87.62",41.91,-87.62,0.0,20,20,20,20,6,20,20,20
"41.91,-87.63",41.91,-87.63,1863.0,20,20,20,20,8,20,20,20
"41.91,-87.64",41.91,-87.64,5360.0,20,20,18,20,10,20,20,20
"41.91,-87.65",41.91,-87.65,5271.0,20,20,10,20,11,20,20,20
"41.91,-87.66",41.91,-87.66,1453.0,20,20,8,20,8,20,20,16
"41.91,-87.67",41.91,-87.67,4215.0,20,20,7,20,9,20,20,20
"41.91,-87.68",41.91,-87.68,3653.0,20,20,9,20,10,20,20,20
"41.91,-87.69",41.91,-87.69,6871.0,20,20,7,20,9,20,20,20
"41.91,-87.7",41.91,-87.7,3802.0,20,20,6,20,13,20,20,20
"41.91,-87.71",41.91,-87.71,5901.0,20,20,4,20,13,20,15,10
"41.91,-87.72",41.91,-87.72,5572.0,20,20,5,20,11,20,15,7
"41.91,-87.73",41.91,-87.73,7579.0,20,20,7,20,9,20,12,3
"41.91,-87.74",41.91,-87.74,5131.0,20,20,5,20,6,18,11,4
"41.91,-87.75",41.91,-87.75,9473.0,20,20,6,20,8,11,8,6
"41.91,-87.76",41.91,-87.76,6885.0,20,20,3,20,4,7,6,2
"41.91,-87.77",41.91,-87.77,6409.0,20,20,5,20,3,8,6,0
"41.91,-87.78",41.91,-87.78,1468.0,20,20,3,20,3,6,6,2
"41.91,-87.79",41.91,-87.79,374.0,20,20,3,20,2,9,10,8
"41.91,-87.8",41.91,-87.8,185.0,20,20,3,20,1,10,9,9
"41.91,-87.81",41.91,-87.81,793.0,20,20,0,20,1,13,7,7
"41.92,-87.63",41.92,-87.63,193.0,20,20,7,20,4,20,20,6
"41.92,-87.64",41.92,-87.64,1503.0,20,20,12,20,9,20,20,20
"41.92,-87.65",41.92,-87.65,2194.0,20,20,13,20,10,20,20,14
"41.92,-87.66",41.92,-87.66,884.0,20,20,11,20,8,20,20,9
"41.92,-87.67",41.92,-87.67,1350.0,20,20,11,20,9,20,20,5
"41.92,-87.68",41.92,-87.68,1043.0,20,20,9,20,6,20,20,19
"41.92,-87.69",41.92,-87.69,3837.0,20,20,6,20,9,20,20,20
"41.92,-87.7",41.92,-87.7,3748.0,20,20,5,20,12,20,20,12
"41.92,-87.71",41.92,-87.71,4558.0,20,20,4,20,15,20,20,14
"41.92,-87.72",41.92,-87.72,6565.0,20,20,7,20,17,20,14,10
"41.92,-87.73",41.92,-87.73,5204.0,20,20,8,20,17,19,13,7
"41.92,-87.74",41.92,-87.74,2857.0,20,20,7,20,15,9,11,8
"41.92,-87.75",41.92,-87.75,4982.0,20,20,7,20,10,8,4,6
"41.92,-87.76",41.92,-87.76,2861.0,20,20,4,20,7,7,4,6
"41.92,-87.77",41.92,-87.77,4272.0,20,20,3,20,8,8,7,1
"41.92,-87.78",41.92,-87.78,2114.0,20,20,4,20,6,8,8,3
"41.92,-87.79",41.92,-87.79,1071.0,20,20,5,20,5,7,12,7
"41.92,-87.8",41.92,-87.8,741.0,20,20,4,20,6,11,12,11
"41.92,-87.81",41.92,-87.81,145.0,20,20,3,20,3,12,14,10
"41.93,-87.63",41.93,-87.63,112.0,20,20,7,20,5,20,20,20
"41.93,-87.64",41.93,-87.64,2345.0,20,20,12,20,8,20,20,20
"41.93,-87.65",41.93,-87.65,3130.0,20,20,14,20,8,20,20,20
"41.93,-87.66",41.93,-87.66,872.0,20,20,11,20,9,20,20,20
"41.93,-87.67",41.93,-87.67,2151.0,20,20,12,20,5,20,20,13
"41.93,-87.68",41.93,-87.68,6063.0,20,20,8,20,5,20,20,12
"41.93,-87.69",41.93,-87.69,1131.0,20,20,8,20,7,20,20,12
"41.93,-87.7",41.93,-87.7,1874.0,20,20,6,20,10,20,20,12
"41.93,-87.71",41.93,-87.71,3398.0,20,20,6,20,14,20,20,11
"41.93,-87.72",41.93,-87.72,3076.0,20,20,4,20,12,20,18,12
"41.93,-87.73",41.93,-87.73,1949.0,20,20,5,20,15,15,16,11
"41.93,-87.74",41.93,-87.74,3290.0,20,20,5,20,13,12,9,11
"41.93,-87.75",41.93,-87.75,2901.0,20,20,5,20,14,10,9,11
"41.93,-87.76",41.93,-87.76,2477.0,20,20,5,20,13,7,7,12
"41.93,-87.77",41.93,-87.77,2009.0,20,20,3,20,9,6,9,6
"41.93,-87.78",41.93,-87.78,1460.0,20,20,2,20,10,4,8,5
"41.93,-87.79",41.93,-87.79,2534.0,20,20,5,20,7,6,12,8
"41.93,-87.8",41.93,-87.8,814.0,20,20,6,20,7,13,12,8
"41.93,-87.81",41.93,-87.81,243.0,20,20,4,20,4,11,11,5
"41.93,-87.82",41.93,-87.82,1.0,20,20,7,20,3,10,9,3
"41.94,-87.63",41.94,-87.63,4.0,20,20,4,20,3,20,14,20
"41.94,-87.64",41.94,-87.64,1646.0,20,20,11,20,6,20,20,20
"41.94,-87.65",41.94,-87.65,8971.0,20,20,13,20,7,20,20,20
"41.94,-87.66",41.94,-87.66,1100.0,20,20,13,20,8,20,20,20
"41.94,-87.67",41.94,-87.67,1808.0,20,20,10,20,6,20,20,20
"41.94,-87.68",41.94,-87.68,1092.0,20,20,8,20,6,20,20,14
"41.94,-87.69",41.94,-87.69,1984.0,20,20,6,20,4,20,20,7
"41.94,-87.7",41.94,-87.7,1074.0,20,20,5,20,7,20,20,10
"41.94,-87.71",41.94,-87.71,2159.0,20,20,6,20,9,20,20,12
"41.94,-87.72",41.94,-87.72,3050.0,20,20,8,20,8,20,20,8
"41.94,-87.73",41.94,-87.73,2827.0,20,20,11,20,9,20,20,5
"41.94,-87.74",41.94,-87.74,1378.0,20,20,2,20,9,12,17,6
"41.94,-87.75",41.94,-87.75,4411.0,20,20,3,20,10,12,15,10
"41.94,-87.76",41.94,-87.76,2402.0,20,20,3,20,11,6,11,12
"41.94,-87.77",41.94,-87.77,2061.0,20,20,2,20,7,3,11,12
"41.94,-87.78",41.94,-87.78,1841.0,20,20,3,20,6,5,6,9
"41.94,-87.79",41.94,-87.79,913.0,20,20,3,20,4,5,7,5
"41.94,-87.8",41.94,-87.8,582.0,20,20,5,20,5,6,8,6
"41.94,-87.81",41.94,-87.81,739.0,20,20,7,20,5,8,9,5
"41.94,-87.82",41.94,-87.82,438.0,20,20,8,20,2,6,7,4
"41.94,-87.83",41.94,-87.83,296.0,20,20,7,11,1,5,5,2
"41.94,-87.84",41.94,-87.84,33.0,20,20,7,13,1,10,4,1
"41.94,-87.85",41.94,-87.85,0.0,20,15,5,15,3,13,7,1
"41.95,-87.64",41.95,-87.64,701.0,20,20,10,20,3,20,20,11
"41.95,-87.65",41.95,-87.65,6743.0,20,20,10,20,4,20,20,20
"41.95,-87.66",41.95,-87.66,3700.0,20,20,15,20,9,20,20,20
"41.95,-87.67",41.95,-87.67,1238.0,20,20,13,20,4,20,20,20
"41.95,-87.68",41.95,-87.68,656.0,20,20,11,20,5,20,20,20
"41.95,-87.69",41.95,-87.69,1376.0,20,20,7,20,6,20,20,20
"41.95,-87.7",41.95,-87.7,1808.0,20,20,6,20,8,20,20,20
"41.95,-87.71",41.95,-87.71,3343.0,20,20,6,20,9,20,20,5
"41.95,-87.72",41.95,-87.72,1523.0,20,20,8,20,8,15,20,6
"41.95,-87.73",41.95,-87.73,1760.0,20,20,9,20,6,17,20,5
"41.95,-87.74",41.95,-87.74,2511.0,20,20,0,20,3,11,20,7
"41.95,-87.75",41.95,-87.75,3828.0,20,20,4,20,4,15,19,11
"41.95,-87.76",41.95,-87.76,1653.0,20,20,4,20,4,8,18,14
"41.95,-87.77",41.95,-87.77,1947.0,20,20,2,20,4,8,11,10
"41.95,-87.78",41.95,-87.78,1291.0,20,20,1,20,2,10,9,6
"41.95,-87.79",41.95,-87.79,1015.0,20,20,3,20,3,8,6,2
"41.95,-87.8",41.95,-87.8,695.0,20,20,5,20,4,9,6,5
"41.95,-87.81",41.95,-87.81,710.0,20,20,6,20,2,8,8,6
"41.95,-87.82",41.95,-87.82,288.0,20,20,8,20,2,5,4,2
"41.95,-87.83",41.95,-87.83,297.0,20,20,7,9,2,5,2,0
"41.95,-87.84",41.95,-87.84,111.0,20,7,5,11,2,11,5,0
"41.95,-87.85",41.95,-87.85,0.0,20,10,4,9,2,12,5,1
"41.95,-87.89",41.95,-87.89,0.0,13,3,0,9,1,4,2,0
"41.95,-87.9",41.95,-87.9,4.0,12,1,0,7,1,0,2,0
"41.95,-87.91",41.95,-87.91,991.0,2,1,0,0,0,1,3,0
"41.95,-87.92",41.95,-87.92,8.0,3,2,0,0,0,3,2,0
"41.96,-87.63",41.96,-87.63,59.0,4,9,2,2,0,12,5,0
"41.96,-87.64",41.96,-87.64,423.0,20,20,7,20,5,20,20,13
"41.96,-87.65",41.96,-87.65,6187.0,20,20,11,20,7,20,20,14
"41.96,-87.66",41.96,-87.66,4039.0,20,20,15,20,9,20,20,17
"41.96,-87.67",41.96,-87.67,1011.0,20,20,10,20,7,20,20,20
"41.96,-87.68",41.96,-87.68,1212.0,20,20,13,20,4,20,20,20
"41.96,-87.69",41.96,-87.69,939.0,20,20,12,20,4,20,20,20
"41.96,-87.7",41.96,-87.7,997.0,20,20,7,20,9,20,20,20
"41.96,-87.71",41.96,-87.71,4096.0,20,20,1,20,11,20,20,10
"41.96,-87.72",41.96,-87.72,2553.0,20,20,8,20,11,16,20,8
"41.96,-87.73",41.96,-87.73,1851.0,20,20,7,20,7,12,20,6
"41.96,-87.74",41.96,-87.74,440.0,20,20,8,20,4,13,19,5
"41.96,-87.75",41.96,-87.75,1683.0,20,20,9,20,2,18,16,7
"41.96,-87.76",41.96,-87.76,1318.0,20,20,10,20,3,17,13,6
"41.96,-87.77",41.96,-87.77,970.0,20,20,9,20,1,14,9,8
"41.96,-87.78",41.96,-87.78,835.0,20,20,3,20,2,11,9,2
"41.96,-87.79",41.96,-87.79,264.0,20,20,4,20,4,8,4,1
"41.96,-87.8",41.96,-87.8,34.0,20,20,5,20,5,9,7,2
"41.96,-87.83",41.96,-87.83,1.0,20,19,6,15,2,7,5,3
"41.96,-87.84",41.96,-87.84,80.0,20,13,4,18,2,9,3,0
"41.96,-87.85",41.96,-87.85,2.0,20,6,4,20,3,13,7,0
"41.96,-87.88",41.96,-87.88,6.0,20,11,0,18,1,5,2,0
"41.96,-87.89",41.96,-87.89,8.0,16,3,0,13,1,2,2,0
"41.96,-87.9",41.96,-87.9,1.0,11,1,0,4,1,0,1,0
"41.96,-87.91",41.96,-87.91,7.0,2,1,0,0,0,0,0,0
"41.96,-87.92",41.96,-87.92,7.0,1,2,0,0,0,1,0,0
"41.96,-87.93",41.96,-87.93,0.0,20,7,1,11,2,5,3,0
"41.97,-87.64",41.97,-87.64,378.0,20,20,5,20,6,20,11,12
"41.97,-87.65",41.97,-87.65,5135.0,20,20,5,20,7,20,20,15
"41.97,-87.66",41.97,-87.66,14558.0,20,20,9,20,9,20,20,19
"41.97,-87.67",41.97,-87.67,1763.0,20,20,10,20,9,20,20,13
"41.97,-87.68",41.97,-87.68,1371.0,20,20,9,20,4,20,20,7
"41.97,-87.69",41.97,-87.69,1899.0,20,20,11,20,6,20,20,20
"41.97,-87.7",41.97,-87.7,1849.0,20,20,8,20,8,20,20,20
"41.97,-87.71",41.97,-87.71,4753.0,20,20,2,20,10,20,19,20
"41.97,-87.72",41.97,-87.72,3552.0,20,20,0,20,10,20,14,9
"41.97,-87.73",41.97,-87.73,1923.0,20,20,0,20,6,20,10,4
"41.97,-87.74",41.97,-87.74,751.0,20,20,1,20,3,20,11,6
"41.97,-87.75",41.97,-87.75,867.0,20,20,7,20,1,19,7,6
"41.97,-87.76",41.97,-87.76,1749.0,20,20,7,20,2,17,4,6
"41.97,-87.77",41.97,-87.77,1255.0,20,20,8,20,2,15,7,6
"41.97,-87.78",41.97,-87.78,636.0,20,20,8,20,2,6,5,4
"41.97,-87.79",41.97,-87.79,190.0,20,20,2,20,3,4,5,0
"41.97,-87.8",41.97,-87.8,118.0,20,20,6,20,3,6,11,1
"41.97,-87.81",41.97,-87.81,288.0,20,20,4,20,2,6,12,3
"41.97,-87.82",41.97,-87.82,28.0,20,20,3,20,3,7,13,4
"41.97,-87.83",41.97,-87.83,10.0,20,20,2,20,2,6,9,3
"41.97,-87.84",41.97,-87.84,380.0,20,16,2,20,2,4,6,5
"41.97,-87.85",41.97,-87.85,124.0,20,14,5,20,1,9,7,2
"41.97,-87.86",41.97,-87.86,7.0,20,6,4,15,0,6,2,0
"41.97,-87.87",41.97,-87.87,2.0,20,4,3,16,0,6,2,0
"41.97,-87.88",41.97,-87.88,5.0,20,4,6,16,0,5,2,0
"41.97,-87.89",41.97,-87.89,327.0,20,1,5,10,0,3,0,0
"41.97,-87.9",41.97,-87.9,34.0,20,1,7,10,2,3,0,0
"41.97,-87.91",41.97,-87.91,2.0,20,1,4,9,2,3,0,0
"41.97,-87.92",41.97,-87.92,0.0,20,0,3,8,2,2,0,0
"41.97,-87.93",41.97,-87.93,0.0,8,1,0,3,0,0,1,0
"41.98,-87.65",41.98,-87.65,1126.0,20,20,5,20,6,20,20,17
"41.98,-87.66",41.98,-87.66,5695.0,20,20,4,20,7,20,20,15
"41.98,-87.67",41.98,-87.67,1612.0,20,20,5,20,7,20,20,11
"41.98,-87.68",41.98,-87.68,1379.0,20,20,5,20,4,20,20,10
"41.98,-87.69",41.98,-87.69,2196.0,20,20,9,20,4,20,20,19
"41.98,-87.7",41.98,-87.7,1027.0,20,20,4,20,6,20,9,20
"41.98,-87.71",41.98,-87.71,1092.0,20,20,2,20,5,20,12,20
"41.98,-87.72",41.98,-87.72,142.0,20,20,2,20,5,20,12,5
"41.98,-87.73",41.98,-87.73,543.0,20,20,3,20,4,20,13,3
"41.98,-87.74",41.98,-87.74,86.0,20,20,3,20,3,16,10,4
"41.98,-87.75",41.98,-87.75,294.0,20,20,9,20,2,16,8,3
"41.98,-87.76",41.98,-87.76,445.0,20,20,6,20,2,17,7,7
"41.98,-87.77",41.98,-87.77,972.0,20,20,6,20,0,13,8,4
"41.98,-87.78",41.98,-87.78,339.0,20,20,2,20,1,7,8,3
"41.98,-87.79",41.98,-87.79,951.0,20,20,4,20,1,10,7,3
"41.98,-87.8",41.98,-87.8,284.0,20,20,3,20,0,14,11,12
"41.98,-87.81",41.98,-87.81,536.0,20,20,3,18,1,11,9,12
"41.98,-87.82",41.98,-87.82,174.0,20,20,3,20,0,6,9,15
"41.98,-87.83",41.98,-87.83,37.0,20,20,2,20,0,8,9,18
"41.98,-87.84",41.98,-87.84,705.0,20,20,1,20,0,5,6,5
"41.98,-87.85",41.98,-87.85,209.0,20,16,3,20,0,6,9,4
"41.98,-87.86",41.98,-87.86,3.0,20,13,5,20,0,5,5,4
"41.98,-87.88",41.98,-87.88,162.0,20,3,5,10,0,3,0,0
"41.98,-87.89",41.98,-87.89,65.0,20,1,7,8,2,5,0,0
"41.98,-87.9",41.98,-87.9,1454.0,20,1,7,10,2,3,0,0
"41.98,-87.91",41.98,-87.91,4715.0,20,1,4,9,2,3,0,0
"41.99,-87.65",41.99,-87.65,34.0,20,20,2,20,5,20,20,12
"41.99,-87.66",41.99,-87.66,5857.0,20,20,3,20,7,20,20,14
"41.99,-87.67",41.99,-87.67,1943.0,20,20,3,20,9,20,20,15
"41.99,-87.68",41.99,-87.68,1115.0,20,20,5,20,10,20,20,6
"41.99,-87.69",41.99,-87.69,1533.0,20,20,4,20,10,16,8,9
"41.99,-87.7",41.99,-87.7,2275.0,20,20,11,20,10,13,5,12
"41.99,-87.71",41.99,-87.71,1597.0,20,20,9,20,4,18,9,7
"41.99,-87.72",41.99,-87.72,208.0,20,20,8,20,1,20,10,4
"41.99,-87.73",41.99,-87.73,303.0,20,20,6,20,1,15,11,5
"41.99,-87.74",41.99,-87.74,151.0,14,16,4,9,1,11,10,2
"41.99,-87.75",41.99,-87.75,259.0,20,16,4,14,1,12,10,3
"41.99,-87.76",41.99,-87.76,31.0,20,20,5,17,1,14,8,5
"41.99,-87.77",41.99,-87.77,162.0,20,20,1,20,0,16,5,3
"41.99,-87.78",41.99,-87.78,465.0,20,20,2,20,1,19,7,3
"41.99,-87.79",41.99,-87.79,522.0,20,20,1,20,1,18,8,0
"41.99,-87.8",41.99,-87.8,175.0,20,20,4,20,1,17,8,11
"41.99,-87.81",41.99,-87.81,250.0,20,20,3,20,0,18,12,12
"41.99,-87.82",41.99,-87.82,59.0,20,20,3,20,0,15,12,12
"41.99,-87.83",41.99,-87.83,55.0,20,20,0,20,0,8,7,15
"41.99,-87.84",41.99,-87.84,80.0,20,20,0,20,0,8,7,4
"41.99,-87.85",41.99,-87.85,3.0,20,18,2,20,0,9,7,6
"41.99,-87.88",41.99,-87.88,46.0,20,6,1,17,0,6,2,2
"41.99,-87.89",41.99,-87.89,11.0,20,1,0,5,0,4,1,1
"41.99,-87.91",41.99,-87.91,1.0,20,1,4,8,2,1,0,0
"41.99,-87.92",41.99,-87.92,8.0,19,0,0,2,0,1,0,0
"41.99,-87.93",41.99,-87.93,5.0,1,0,0,2,1,0,0,0
"42.0,-87.65",42.0,-87.65,0.0,20,20,0,20,6,20,17,7
"42.0,-87.66",42.0,-87.66,2663.0,20,20,1,20,9,20,20,9
"42.0,-87.67",42.0,-87.67,4403.0,20,20,2,20,14,20,20,10
"42.0,-87.68",42.0,-87.68,1567.0,20,20,4,20,16,20,20,13
"42.0,-87.69",42.0,-87.69,2745.0,20,20,5,20,11,20,9,10
"42.0,-87.7",42.0,-87.7,1842.0,20,20,10,20,10,20,9,13
"42.0,-87.71",42.0,-87.71,422.0,20,20,10,20,9,20,9,9
"42.0,-87.72",42.0,-87.72,134.0,20,20,9,20,4,20,11,6
"42.0,-87.73",42.0,-87.73,37.0,20,20,5,20,2,20,11,5
"42.0,-87.74",42.0,-87.74,16.0,20,20,4,20,1,17,12,2
"42.0,-87.75",42.0,-87.75,27.0,20,19,5,17,1,16,10,3
"42.0,-87.76",42.0,-87.76,128.0,20,19,5,19,1,18,11,4
"42.0,-87.77",42.0,-87.77,63.0,20,20,5,20,2,17,6,1
"42.0,-87.78",42.0,-87.78,36.0,20,20,3,20,3,16,4,1
"42.0,-87.79",42.0,-87.79,465.0,20,20,1,20,2,19,11,2
"42.0,-87.8",42.0,-87.8,122.0,20,20,1,20,2,20,14,3
"42.0,-87.81",42.0,-87.81,311.0,20,20,0,20,1,17,12,14
"42.0,-87.82",42.0,-87.82,249.0,20,20,0,20,2,12,13,11
"42.0,-87.88",42.0,-87.88,5.0,20,16,1,20,1,9,5,3
"42.0,-87.89",42.0,-87.89,3.0,20,8,0,15,1,9,2,2
"42.0,-87.91",42.0,-87.91,2.0,5,0,0,5,0,0,0,1
"42.0,-87.92",42.0,-87.92,0.0,1,0,0,4,0,0,0,0
"42.0,-87.93",42.0,-87.93,0.0,5,0,0,4,1,0,0,1
"42.0,-87.94",42.0,-87.94,0.0,10,3,0,5,1,0,0,1
"42.01,-87.66",42.01,-87.66,2664.0,20,20,3,20,9,20,20,8
"42.01,-87.67",42.01,-87.67,7404.0,20,20,4,20,10,20,20,9
"42.01,-87.68",42.01,-87.68,2040.0,20,20,5,20,12,20,20,9
"42.01,-87.69",42.01,-87.69,1121.0,20,20,4,20,11,20,12,10
"42.01,-87.7",42.01,-87.7,438.0,20,20,8,20,9,20,10,7
"42.01,-87.71",42.01,-87.71,90.0,20,20,6,20,6,20,7,5
"42.01,-87.76",42.01,-87.76,5.0,20,20,4,20,2,15,6,4
"42.01,-87.77",42.01,-87.77,14.0,20,20,3,20,4,13,8,2
"42.01,-87.78",42.01,-87.78,62.0,20,20,3,20,4,12,13,1
"42.01,-87.79",42.01,-87.79,29.0,20,20,1,20,3,16,15,3
"42.01,-87.81",42.01,-87.81,149.0,20,20,0,20,4,12,13,3
"42.01,-87.82",42.01,-87.82,90.0,20,20,1,20,3,13,14,2
"42.01,-87.9",42.01,-87.9,3.0,20,8,0,19,2,7,4,2
"42.01,-87.91",42.01,-87.91,5.0,9,3,0,7,0,2,3,1
"42.01,-87.93",42.01,-87.93,6.0,5,3,0,2,1,1,2,1
"42.02,-87.66",42.02,-87.66,222.0,20,20,2,19,6,20,16,3
"42.02,-87.67",42.02,-87.67,8318.0,20,20,3,20,8,20,20,14
"42.02,-87.68",42.02,-87.68,5269.0,20,20,4,20,8,20,18,16
"42.02,-87.69",42.02,-87.69,827.0,20,20,3,20,10,20,13,15
"42.02,-87.7",42.02,-87.7,116.0,20,20,3,20,6,20,11,15
"42.02,-87.71",42.02,-87.71,29.0,20,20,2,20,4,20,10,5
"42.02,-87.78",42.02,-87.78,1.0,20,16,1,20,4,12,12,1
"42.02,-87.81",42.02,-87.81,83.0,20,20,1,18,5,18,9,5
"42.02,-87.82",42.02,-87.82,21.0,20,20,2,20,6,11,14,4
